event-id,visible,timestamp,location-long,location-lat,ground-speed,heading,height-raw,sensor-type,individual-taxon-canonical-name,tag-local-identifier,individual-local-identifier,study-name,utm-easting,utm-northing,utm-zone
4902734598,true,2006-12-30 08:00:00.000,-115.5701666643315,31.033499965670032,0.0,90.0,"2423","gps",,"269","269","Condor pair 269 & 284 GPS no feeding site",636459.5000000808,3434192.4999999683,"11N"
4902734599,true,2006-12-30 09:00:00.000,-115.5701666643315,31.033499965670032,0.01,359.2,"2420","gps",,"269","269","Condor pair 269 & 284 GPS no feeding site",636459.5000000808,3434192.4999999683,"11N"
4902734600,true,2006-12-30 10:00:00.000,-115.57016678939581,31.033666871323494,0.01,179.2,"2422","gps",,"269","269","Condor pair 269 & 284 GPS no feeding site",636459.25000008,3434210.999999968,"11N"
4902734601,true,2006-12-30 11:00:00.000,-115.5701666643315,31.033499965670032,0.01,359.2,"2440","gps",,"269","269","Condor pair 269 & 284 GPS no feeding site",636459.5000000808,3434192.4999999683,"11N"
4902734602,true,2006-12-30 12:00:00.000,-115.57016678939581,31.033666871323494,0.0,90.0,"2420","gps",,"269","269","Condor pair 269 & 284 GPS no feeding site",636459.25000008,3434210.999999968,"11N"
4902734603,true,2006-12-30 13:00:00.000,-115.57016678939581,31.033666871323494,0.01,219.8,"2420","gps",,"269","269","Condor pair 269 & 284 GPS no feeding site",636459.25000008,3434210.999999968,"11N"
4902734604,true,2006-12-30 14:00:00.000,-115.5703329936954,31.03349955316676,0.0,269.1,"2420","gps",,"269","269","Condor pair 269 & 284 GPS no feeding site",636443.6250000806,3434192.249999968,"11N"
4902734605,true,2006-12-30 15:00:00.000,-115.57049997777418,31.033499147702006,0.01,39.9,"2420","gps",,"269","269","Condor pair 269 & 284 GPS no feeding site",636427.6875000831,3434191.999999968,"11N"
4902734606,true,2006-12-30 16:00:00.000,-115.57033311904996,31.033666458828996,0.0,90.0,"2420","gps",,"269","269","Condor pair 269 & 284 GPS no feeding site",636443.3750000831,3434210.749999968,"11N"
4902734607,true,2006-12-30 17:00:00.000,-115.57033311904996,31.033666458828996,0.0,90.0,"2420","gps",,"269","269","Condor pair 269 & 284 GPS no feeding site",636443.3750000831,3434210.749999968,"11N"
4902734608,true,2006-12-30 18:00:00.000,-115.57033311904996,31.033666458828996,0.0,89.1,"2420","gps",,"269","269","Condor pair 269 & 284 GPS no feeding site",636443.3750000831,3434210.749999968,"11N"
4902734609,true,2006-12-30 19:00:00.000,-115.57016678939581,31.033666871323494,0.0,269.1,"2450","gps",,"269","269","Condor pair 269 & 284 GPS no feeding site",636459.25000008,3434210.999999968,"11N"
4902734610,true,2006-12-30 20:00:00.000,-115.57033311904996,31.033666458828996,0.0,90.0,"2423","gps",,"269","269","Condor pair 269 & 284 GPS no feeding site",636443.3750000831,3434210.749999968,"11N"
4902734611,true,2006-12-31 05:00:00.000,-115.57033311904996,31.033666458828996,0.0,90.0,"2430","gps",,"269","269","Condor pair 269 & 284 GPS no feeding site",636443.3750000831,3434210.749999968,"11N"
4902734612,true,2006-12-31 06:00:00.000,-115.57033311904996,31.033666458828996,0.0,90.0,"2430","gps",,"269","269","Condor pair 269 & 284 GPS no feeding site",636443.3750000831,3434210.749999968,"11N"
4902734613,true,2006-12-31 07:00:00.000,-115.57033311904996,31.033666458828996,0.0,90.0,"2430","gps",,"269","269","Condor pair 269 & 284 GPS no feeding site",636443.3750000831,3434210.749999968,"11N"
4902734614,true,2006-12-31 08:00:00.000,-115.57033311904996,31.033666458828996,0.0,90.0,"2420","gps",,"269","269","Condor pair 269 & 284 GPS no feeding site",636443.3750000831,3434210.749999968,"11N"
4902734615,true,2006-12-31 09:00:00.000,-115.57033311904996,31.033666458828996,0.0,90.0,"2420","gps",,"269","269","Condor pair 269 & 284 GPS no feeding site",636443.3750000831,3434210.749999968,"11N"
4902734616,true,2007-01-01 05:00:00.000,-115.57033311904996,31.033666458828996,0.0,89.1,"2423","gps",,"269","269","Condor pair 269 & 284 GPS no feeding site",636443.3750000831,3434210.749999968,"11N"
4902734617,true,2007-01-01 06:00:00.000,-115.57016678939581,31.033666871323494,0.0,90.0,"2430","gps",,"269","269","Condor pair 269 & 284 GPS no feeding site",636459.25000008,3434210.999999968,"11N"
4902734618,true,2007-01-01 07:00:00.000,-115.57016678939581,31.033666871323494,0.0,90.0,"2430","gps",,"269","269","Condor pair 269 & 284 GPS no feeding site",636459.25000008,3434210.999999968,"11N"
4902734619,true,2007-01-01 08:00:00.000,-115.57016678939581,31.033666871323494,0.0,269.1,"2422","gps",,"269","269","Condor pair 269 & 284 GPS no feeding site",636459.25000008,3434210.999999968,"11N"
4902734620,true,2007-01-01 09:00:00.000,-115.57033311904996,31.033666458828996,0.01,39.8,"2423","gps",,"269","269","Condor pair 269 & 284 GPS no feeding site",636443.3750000831,3434210.749999968,"11N"
4902734621,true,2007-01-01 11:00:00.000,-115.57016678939581,31.033666871323494,0.0,269.1,"2440","gps",,"269","269","Condor pair 269 & 284 GPS no feeding site",636459.25000008,3434210.999999968,"11N"
4902734622,true,2007-01-01 12:00:00.000,-115.57033311904996,31.033666458828996,0.0,90.0,"2423","gps",,"269","269","Condor pair 269 & 284 GPS no feeding site",636443.3750000831,3434210.749999968,"11N"
4902734623,true,2007-01-01 13:00:00.000,-115.57033311904996,31.033666458828996,0.0,90.0,"2423","gps",,"269","269","Condor pair 269 & 284 GPS no feeding site",636443.3750000831,3434210.749999968,"11N"
4902734624,true,2007-01-01 14:00:00.000,-115.57033311904996,31.033666458828996,0.0,90.0,"2423","gps",,"269","269","Condor pair 269 & 284 GPS no feeding site",636443.3750000831,3434210.749999968,"11N"
4902734625,true,2007-01-11 10:00:00.000,-115.57033311904996,31.033666458828996,0.0,89.1,"2420","gps",,"269","269","Condor pair 269 & 284 GPS no feeding site",636443.3750000831,3434210.749999968,"11N"
4902734626,true,2007-01-11 11:00:00.000,-115.57016678939581,31.033666871323494,0.0,90.0,"2422","gps",,"269","269","Condor pair 269 & 284 GPS no feeding site",636459.25000008,3434210.999999968,"11N"
4902734627,true,2007-01-11 12:00:00.000,-115.57016678939581,31.033666871323494,0.0,269.1,"2430","gps",,"269","269","Condor pair 269 & 284 GPS no feeding site",636459.25000008,3434210.999999968,"11N"
4902734628,true,2007-01-11 13:00:00.000,-115.57033311904996,31.033666458828996,0.0,90.0,"2423","gps",,"269","269","Condor pair 269 & 284 GPS no feeding site",636443.3750000831,3434210.749999968,"11N"
4902734629,true,2007-01-11 14:00:00.000,-115.57033311904996,31.033666458828996,0.0,89.1,"2423","gps",,"269","269","Condor pair 269 & 284 GPS no feeding site",636443.3750000831,3434210.749999968,"11N"
4902734630,true,2007-01-11 15:00:00.000,-115.57016678939581,31.033666871323494,0.0,269.1,"2422","gps",,"269","269","Condor pair 269 & 284 GPS no feeding site",636459.25000008,3434210.999999968,"11N"
4902734631,true,2007-01-11 16:00:00.000,-115.57033311904996,31.033666458828996,0.01,359.2,"2423","gps",,"269","269","Condor pair 269 & 284 GPS no feeding site",636443.3750000831,3434210.749999968,"11N"
4902734632,true,2007-01-11 19:00:00.000,-115.57016678939581,31.033666871323494,0.01,179.2,"2430","gps",,"269","269","Condor pair 269 & 284 GPS no feeding site",636459.25000008,3434210.999999968,"11N"
4902734633,true,2007-01-11 20:00:00.000,-115.5701666643315,31.033499965670032,0.0,318.5,"2430","gps",,"269","269","Condor pair 269 & 284 GPS no feeding site",636459.5000000808,3434192.4999999683,"11N"
4902734634,true,2007-01-12 05:00:00.000,-115.57033311904996,31.033666458828996,0.0,89.1,"2430","gps",,"269","269","Condor pair 269 & 284 GPS no feeding site",636443.3750000831,3434210.749999968,"11N"
4902734635,true,2007-01-12 06:00:00.000,-115.57016678939581,31.033666871323494,0.0,90.0,"2430","gps",,"269","269","Condor pair 269 & 284 GPS no feeding site",636459.25000008,3434210.999999968,"11N"
4902734636,true,2007-01-12 07:00:00.000,-115.57016678939581,31.033666871323494,0.01,318.5,"2420","gps",,"269","269","Condor pair 269 & 284 GPS no feeding site",636459.25000008,3434210.999999968,"11N"
4902734637,true,2007-01-12 10:00:00.000,-115.57016678939581,31.033666871323494,0.0,269.1,"2420","gps",,"269","269","Condor pair 269 & 284 GPS no feeding site",636459.25000008,3434210.999999968,"11N"
4902734638,true,2007-01-12 11:00:00.000,-115.57033311904996,31.033666458828996,0.0,90.0,"2420","gps",,"269","269","Condor pair 269 & 284 GPS no feeding site",636443.3750000831,3434210.749999968,"11N"
4902734639,true,2007-01-12 12:00:00.000,-115.57033311904996,31.033666458828996,0.0,89.1,"2440","gps",,"269","269","Condor pair 269 & 284 GPS no feeding site",636443.3750000831,3434210.749999968,"11N"
4902734640,true,2007-01-12 13:00:00.000,-115.57016678939581,31.033666871323494,0.0,90.0,"2430","gps",,"269","269","Condor pair 269 & 284 GPS no feeding site",636459.25000008,3434210.999999968,"11N"
4902734641,true,2007-01-12 14:00:00.000,-115.57016678939581,31.033666871323494,0.0,90.0,"2430","gps",,"269","269","Condor pair 269 & 284 GPS no feeding site",636459.25000008,3434210.999999968,"11N"
4902734642,true,2007-01-12 15:00:00.000,-115.57016678939581,31.033666871323494,0.0,90.0,"2430","gps",,"269","269","Condor pair 269 & 284 GPS no feeding site",636459.25000008,3434210.999999968,"11N"
4902734643,true,2007-01-12 16:00:00.000,-115.57016678939581,31.033666871323494,0.0,269.1,"2422","gps",,"269","269","Condor pair 269 & 284 GPS no feeding site",636459.25000008,3434210.999999968,"11N"
4902734644,true,2007-01-12 17:00:00.000,-115.57033311904996,31.033666458828996,0.0,90.0,"2423","gps",,"269","269","Condor pair 269 & 284 GPS no feeding site",636443.3750000831,3434210.749999968,"11N"
4902734645,true,2007-01-12 18:00:00.000,-115.57033311904996,31.033666458828996,0.0,89.1,"2423","gps",,"269","269","Condor pair 269 & 284 GPS no feeding site",636443.3750000831,3434210.749999968,"11N"
4902734646,true,2007-01-12 19:00:00.000,-115.57016678939581,31.033666871323494,0.0,269.1,"2430","gps",,"269","269","Condor pair 269 & 284 GPS no feeding site",636459.25000008,3434210.999999968,"11N"
4902734647,true,2007-01-12 20:00:00.000,-115.57033311904996,31.033666458828996,0.0,90.0,"2430","gps",,"269","269","Condor pair 269 & 284 GPS no feeding site",636443.3750000831,3434210.749999968,"11N"
4902734648,true,2007-01-13 05:00:00.000,-115.57033311904996,31.033666458828996,0.01,39.8,"2420","gps",,"269","269","Condor pair 269 & 284 GPS no feeding site",636443.3750000831,3434210.749999968,"11N"
4902734649,true,2007-01-13 07:00:00.000,-115.57016678939581,31.033666871323494,0.01,318.5,"2422","gps",,"269","269","Condor pair 269 & 284 GPS no feeding site",636459.25000008,3434210.999999968,"11N"
4902734650,true,2007-01-13 10:00:00.000,-115.57016678939581,31.033666871323494,0.0,90.0,"2422","gps",,"269","269","Condor pair 269 & 284 GPS no feeding site",636459.25000008,3434210.999999968,"11N"
4902734651,true,2007-01-13 11:00:00.000,-115.57016678939581,31.033666871323494,0.0,90.0,"2422","gps",,"269","269","Condor pair 269 & 284 GPS no feeding site",636459.25000008,3434210.999999968,"11N"
4902734652,true,2007-01-13 12:00:00.000,-115.57016678939581,31.033666871323494,0.0,269.1,"2422","gps",,"269","269","Condor pair 269 & 284 GPS no feeding site",636459.25000008,3434210.999999968,"11N"
4902734653,true,2007-01-13 13:00:00.000,-115.57033311904996,31.033666458828996,0.01,359.2,"2420","gps",,"269","269","Condor pair 269 & 284 GPS no feeding site",636443.3750000831,3434210.749999968,"11N"
4902734654,true,2007-01-13 16:00:00.000,-115.57016678939581,31.033666871323494,0.0,269.1,"2420","gps",,"269","269","Condor pair 269 & 284 GPS no feeding site",636459.25000008,3434210.999999968,"11N"
4902734655,true,2007-01-13 17:00:00.000,-115.57033311904996,31.033666458828996,0.0,90.0,"2420","gps",,"269","269","Condor pair 269 & 284 GPS no feeding site",636443.3750000831,3434210.749999968,"11N"
4902734656,true,2007-01-13 18:00:00.000,-115.57033311904996,31.033666458828996,0.0,89.1,"2420","gps",,"269","269","Condor pair 269 & 284 GPS no feeding site",636443.3750000831,3434210.749999968,"11N"
4902734657,true,2007-01-13 19:00:00.000,-115.57016678939581,31.033666871323494,0.0,90.0,"2422","gps",,"269","269","Condor pair 269 & 284 GPS no feeding site",636459.25000008,3434210.999999968,"11N"
4902734658,true,2007-01-13 20:00:00.000,-115.57016678939581,31.033666871323494,0.0,269.1,"2422","gps",,"269","269","Condor pair 269 & 284 GPS no feeding site",636459.25000008,3434210.999999968,"11N"
4902734659,true,2007-01-14 05:00:00.000,-115.57033311904996,31.033666458828996,0.01,39.8,"2420","gps",,"269","269","Condor pair 269 & 284 GPS no feeding site",636443.3750000831,3434210.749999968,"11N"
4902734660,true,2007-01-14 07:00:00.000,-115.57016678939581,31.033666871323494,0.0,269.1,"2430","gps",,"269","269","Condor pair 269 & 284 GPS no feeding site",636459.25000008,3434210.999999968,"11N"
4902734661,true,2007-01-14 08:00:00.000,-115.57033311904996,31.033666458828996,0.0,89.1,"2423","gps",,"269","269","Condor pair 269 & 284 GPS no feeding site",636443.3750000831,3434210.749999968,"11N"
4902734662,true,2007-01-14 09:00:00.000,-115.57016678939581,31.033666871323494,0.0,269.1,"2420","gps",,"269","269","Condor pair 269 & 284 GPS no feeding site",636459.25000008,3434210.999999968,"11N"
4902734663,true,2007-01-14 10:00:00.000,-115.57033311904996,31.033666458828996,0.0,90.0,"2430","gps",,"269","269","Condor pair 269 & 284 GPS no feeding site",636443.3750000831,3434210.749999968,"11N"
4902734664,true,2007-01-14 11:00:00.000,-115.57033311904996,31.033666458828996,0.0,90.0,"2420","gps",,"269","269","Condor pair 269 & 284 GPS no feeding site",636443.3750000831,3434210.749999968,"11N"
4902734665,true,2007-01-14 12:00:00.000,-115.57033311904996,31.033666458828996,0.0,90.0,"2423","gps",,"269","269","Condor pair 269 & 284 GPS no feeding site",636443.3750000831,3434210.749999968,"11N"
4902734666,true,2007-01-14 13:00:00.000,-115.57033311904996,31.033666458828996,0.0,89.1,"2470","gps",,"269","269","Condor pair 269 & 284 GPS no feeding site",636443.3750000831,3434210.749999968,"11N"
4902734667,true,2007-01-14 14:00:00.000,-115.57016678939581,31.033666871323494,0.0,269.1,"2422","gps",,"269","269","Condor pair 269 & 284 GPS no feeding site",636459.25000008,3434210.999999968,"11N"
4902734668,true,2007-01-14 15:00:00.000,-115.57033311904996,31.033666458828996,0.0,90.0,"2420","gps",,"269","269","Condor pair 269 & 284 GPS no feeding site",636443.3750000831,3434210.749999968,"11N"
4902734669,true,2007-01-14 16:00:00.000,-115.57033311904996,31.033666458828996,0.0,90.0,"2420","gps",,"269","269","Condor pair 269 & 284 GPS no feeding site",636443.3750000831,3434210.749999968,"11N"
4902734670,true,2007-01-14 17:00:00.000,-115.57033311904996,31.033666458828996,0.0,90.0,"2430","gps",,"269","269","Condor pair 269 & 284 GPS no feeding site",636443.3750000831,3434210.749999968,"11N"
4902734671,true,2007-01-14 18:00:00.000,-115.57033311904996,31.033666458828996,0.0,89.1,"2430","gps",,"269","269","Condor pair 269 & 284 GPS no feeding site",636443.3750000831,3434210.749999968,"11N"
4902734672,true,2007-01-14 19:00:00.000,-115.57016678939581,31.033666871323494,0.0,90.0,"2430","gps",,"269","269","Condor pair 269 & 284 GPS no feeding site",636459.25000008,3434210.999999968,"11N"
4902734673,true,2007-01-14 20:00:00.000,-115.57016678939581,31.033666871323494,0.01,344.9,"2422","gps",,"269","269","Condor pair 269 & 284 GPS no feeding site",636459.25000008,3434210.999999968,"11N"
4902734674,true,2007-01-21 13:00:00.000,-115.4723332827517,31.039999846267694,0.08,150.2,"2680","gps",,"269","269","Condor pair 269 & 284 GPS no feeding site",645787.5625001134,3435037.2499999534,"11N"
4902734675,true,2007-01-21 14:00:00.000,-115.47083301563087,31.037665763317978,1.83,33.8,"2670","gps",,"269","269","Condor pair 269 & 284 GPS no feeding site",645934.3125001155,3434780.4999999525,"11N"
4902734676,true,2007-01-21 15:00:00.000,-115.43150023715313,31.086667757020532,0.64,103.6,"2180","gps",,"269","269","Condor pair 269 & 284 GPS no feeding site",649611.687500128,3440264.499999944,"11N"
4902734677,true,2007-01-21 16:00:00.000,-115.40816640040056,31.08150110701772,0.05,302.0,"1500","gps",,"269","269","Condor pair 269 & 284 GPS no feeding site",651845.8750001432,3439723.4999999367,"11N"
4902734678,true,2007-01-21 17:00:00.000,-115.40966651968053,31.082333809609533,0.02,238.9,"1430","gps",,"269","269","Condor pair 269 & 284 GPS no feeding site",651701.4375001419,3439813.7499999395,"11N"
4902734679,true,2007-01-21 18:00:00.000,-115.41033311375102,31.081999215103707,0.01,359.0,"1420","gps",,"269","269","Condor pair 269 & 284 GPS no feeding site",651638.3750001426,3439775.7499999395,"11N"
4902734680,true,2007-01-21 19:00:00.000,-115.41033361093665,31.082166118553207,0.01,138.4,"1420","gps",,"269","269","Condor pair 269 & 284 GPS no feeding site",651638.0625001407,3439794.249999939,"11N"
4902734681,true,2007-01-21 20:00:00.000,-115.41016670845669,31.081999418407495,0.0,269.1,"1440","gps",,"269","269","Condor pair 269 & 284 GPS no feeding site",651654.2500001404,3439775.999999939,"11N"
4902734682,true,2007-01-22 05:00:00.000,-115.41033311375102,31.081999215103707,0.0,89.1,"1440","gps",,"269","269","Condor pair 269 & 284 GPS no feeding site",651638.3750001426,3439775.7499999395,"11N"
4902734683,true,2007-01-22 06:00:00.000,-115.41016670845669,31.081999418407495,0.1,257.3,"1440","gps",,"269","269","Condor pair 269 & 284 GPS no feeding site",651654.2500001404,3439775.999999939,"11N"
4902734684,true,2007-01-22 07:00:00.000,-115.4138333612391,31.08133414290499,0.02,89.3,"1560","gps",,"269","269","Condor pair 269 & 284 GPS no feeding site",651305.500000139,3439697.2499999395,"11N"
4902734685,true,2007-01-22 08:00:00.000,-115.41300006715315,31.081332909035837,0.0,90.0,"1480","gps",,"269","269","Condor pair 269 & 284 GPS no feeding site",651385.0000001413,3439698.249999939,"11N"
4902734686,true,2007-01-22 09:00:00.000,-115.41300006715315,31.081332909035837,1.69,241.6,"1490","gps",,"269","269","Condor pair 269 & 284 GPS no feeding site",651385.0000001413,3439698.249999939,"11N"
4902734687,true,2007-01-22 10:00:00.000,-115.46966680839171,31.055832800895416,2.71,257.0,"2780","gps",,"269","269","Condor pair 269 & 284 GPS no feeding site",646017.8750001148,3436795.749999951,"11N"
4902734688,true,2007-01-22 14:00:00.000,-115.5385001976585,31.04466600958065,0.96,87.4,"2570","gps",,"269","269","Condor pair 269 & 284 GPS no feeding site",639465.6875000894,3435469.4999999637,"11N"
4902734689,true,2007-01-22 15:00:00.000,-115.50233352727562,31.04566762741574,2.77,65.2,"2650","gps",,"269","269","Condor pair 269 & 284 GPS no feeding site",642915.8125001031,3435626.4999999576,"11N"
4902734690,true,2007-01-22 16:00:00.000,-115.40683311195427,31.08233265511049,0.01,269.1,"1370","gps",,"269","269","Condor pair 269 & 284 GPS no feeding site",651971.7500001424,3439817.4999999385,"11N"
4902734691,true,2007-01-22 17:00:00.000,-115.40716657832408,31.0823322650299,0.0,90.0,"1340","gps",,"269","269","Condor pair 269 & 284 GPS no feeding site",651939.9375001458,3439816.9999999385,"11N"
4902734692,true,2007-01-22 18:00:00.000,-115.40716657832408,31.0823322650299,0.0,90.0,"1340","gps",,"269","269","Condor pair 269 & 284 GPS no feeding site",651939.9375001458,3439816.9999999385,"11N"
4902734693,true,2007-01-22 19:00:00.000,-115.40716657832408,31.0823322650299,0.0,90.0,"1350","gps",,"269","269","Condor pair 269 & 284 GPS no feeding site",651939.9375001458,3439816.9999999385,"11N"
4902734694,true,2007-01-22 20:00:00.000,-115.40716657832408,31.0823322650299,0.0,179.2,"1360","gps",,"269","269","Condor pair 269 & 284 GPS no feeding site",651939.9375001458,3439816.9999999385,"11N"
4902734695,true,2007-01-23 05:00:00.000,-115.40716670406763,31.0821676247569,0.01,359.2,"1360","gps",,"269","269","Condor pair 269 & 284 GPS no feeding site",651940.1875001466,3439798.7499999376,"11N"
4902734696,true,2007-01-23 06:00:00.000,-115.40716657832408,31.0823322650299,0.0,90.0,"1360","gps",,"269","269","Condor pair 269 & 284 GPS no feeding site",651939.9375001458,3439816.9999999385,"11N"
4902734697,true,2007-01-23 07:00:00.000,-115.40716657832408,31.0823322650299,0.0,90.0,"1360","gps",,"269","269","Condor pair 269 & 284 GPS no feeding site",651939.9375001458,3439816.9999999385,"11N"
4902734698,true,2007-01-23 08:00:00.000,-115.40716657832408,31.0823322650299,0.0,89.1,"1350","gps",,"269","269","Condor pair 269 & 284 GPS no feeding site",651939.9375001458,3439816.9999999385,"11N"
4902734699,true,2007-01-23 09:00:00.000,-115.40700017263076,31.082332464224947,1.13,262.9,"1370","gps",,"269","269","Condor pair 269 & 284 GPS no feeding site",651955.8125001402,3439817.249999938,"11N"
4902734700,true,2007-01-23 10:00:00.000,-115.44949987890058,31.078333082456478,3.38,253.6,"2230","gps",,"269","269","Condor pair 269 & 284 GPS no feeding site",647907.500000125,3439316.499999948,"11N"
4902734701,true,2007-01-24 13:00:00.000,-115.57266669432353,31.01466742589763,2.64,85.2,"2770","gps",,"269","269","Condor pair 269 & 284 GPS no feeding site",636247.6875000787,3432101.999999968,"11N"
4902734702,true,2007-01-24 14:00:00.000,-115.47350023008768,31.02066668464731,3.85,62.9,"2710","gps",,"269","269","Condor pair 269 & 284 GPS no feeding site",645705.6250001139,3432892.749999953,"11N"
4902734703,true,2007-01-24 15:00:00.000,-115.34333318691324,31.075999923618156,2.4,294.0,"1370","gps",,"269","269","Condor pair 269 & 284 GPS no feeding site",658040.2500001757,3439204.2499999222,"11N"
4902734704,true,2007-01-24 16:00:00.000,-115.42549969555664,31.108665672976702,0.01,220.3,"1690","gps",,"269","269","Condor pair 269 & 284 GPS no feeding site",650149.5000001338,3442710.9999999423,"11N"
4902734705,true,2007-01-24 17:00:00.000,-115.42566689935164,31.108500818724828,0.01,40.3,"1690","gps",,"269","269","Condor pair 269 & 284 GPS no feeding site",650133.8125001334,3442692.4999999423,"11N"
4902734706,true,2007-01-24 18:00:00.000,-115.42549969555664,31.108665672976702,0.0,90.0,"1690","gps",,"269","269","Condor pair 269 & 284 GPS no feeding site",650149.5000001338,3442710.9999999423,"11N"
4902734707,true,2007-01-24 19:00:00.000,-115.42549969555664,31.108665672976702,0.0,90.0,"1690","gps",,"269","269","Condor pair 269 & 284 GPS no feeding site",650149.5000001338,3442710.9999999423,"11N"
4902734708,true,2007-01-24 20:00:00.000,-115.42549969555664,31.108665672976702,0.0,90.0,"1670","gps",,"269","269","Condor pair 269 & 284 GPS no feeding site",650149.5000001338,3442710.9999999423,"11N"
4902734709,true,2007-01-25 05:00:00.000,-115.42549969555664,31.108665672976702,0.0,270.0,"1670","gps",,"269","269","Condor pair 269 & 284 GPS no feeding site",650149.5000001338,3442710.9999999423,"11N"
4902734710,true,2007-01-25 06:00:00.000,-115.42566676620434,31.108667714361722,1.09,248.3,"1670","gps",,"269","269","Condor pair 269 & 284 GPS no feeding site",650133.5625001311,3442710.999999942,"11N"
4902734711,true,2007-01-25 07:00:00.000,-115.46416658295324,31.095999220103344,3.27,240.1,"2218","gps",,"269","269","Condor pair 269 & 284 GPS no feeding site",646481.1250001182,3441255.2499999497,"11N"
4902734712,true,2007-01-26 13:00:00.000,-115.33583331806413,31.05549931648481,0.91,111.8,"1630","gps",,"269","269","Condor pair 269 & 284 GPS no feeding site",658789.87500018,3436942.4999999213,"11N"
4902734713,true,2007-01-26 14:00:00.000,-115.30433309070587,31.044166490160407,1.37,271.3,"1490","gps",,"269","269","Condor pair 269 & 284 GPS no feeding site",661815.1250002004,3435731.749999911,"11N"
4902734714,true,2007-01-26 15:00:00.000,-115.35583358682202,31.04583228623407,0.01,39.8,"1589","gps",,"269","269","Condor pair 269 & 284 GPS no feeding site",656897.1250001683,3435842.4999999255,"11N"
4902734715,true,2007-01-26 16:00:00.000,-115.35566699744442,31.045999314260722,0.06,293.3,"1578","gps",,"269","269","Condor pair 269 & 284 GPS no feeding site",656912.7500001683,3435861.2499999255,"11N"
4902734716,true,2007-01-26 17:00:00.000,-115.35783337681042,31.046834327217564,0.03,288.3,"1550","gps",,"269","269","Condor pair 269 & 284 GPS no feeding site",656704.625000169,3435950.7499999264,"11N"
4902734717,true,2007-01-26 20:00:00.000,-115.36116661033141,31.04783298769212,0.0,359.0,"1439","gps",,"269","269","Condor pair 269 & 284 GPS no feeding site",656384.8750001664,3436056.749999927,"11N"
4902734718,true,2007-01-27 05:00:00.000,-115.36116702423234,31.04799988918398,0.02,84.7,"1420","gps",,"269","269","Condor pair 269 & 284 GPS no feeding site",656384.5625001674,3436075.249999928,"11N"
4902734719,true,2007-01-27 08:00:00.000,-115.35866643282961,31.04816656664342,0.01,155.9,"1420","gps",,"269","269","Condor pair 269 & 284 GPS no feeding site",656622.937500168,3436097.249999927,"11N"
4902734720,true,2007-01-27 09:00:00.000,-115.35849992575712,31.047832910970023,1.03,314.4,"1390","gps",,"269","269","Condor pair 269 & 284 GPS no feeding site",656639.3750001693,3436060.4999999264,"11N"
4902734721,true,2007-01-27 10:00:00.000,-115.38600019054594,31.07166728851144,2.4,265.6,"1360","gps",,"269","269","Condor pair 269 & 284 GPS no feeding site",653976.4375001532,3438663.999999934,"11N"
4902734722,true,2007-01-27 11:00:00.000,-115.4763331207125,31.066832414702954,2.65,254.1,"2690","gps",,"269","269","Condor pair 269 & 284 GPS no feeding site",645365.0000001146,3438006.249999951,"11N"
4902734723,true,2007-01-27 14:00:00.000,-115.50250015128383,31.050500684703618,8.07,94.6,"2850","gps",,"269","269","Condor pair 269 & 284 GPS no feeding site",642892.6875001017,3436161.999999958,"11N"
4902734724,true,2007-01-27 15:00:00.000,-115.19950019997177,31.025833631437237,3.14,33.6,"2380","gps",,"269","269","Condor pair 269 & 284 GPS no feeding site",671853.6250002757,3433856.9999998715,"11N"
4902734725,true,2007-01-27 16:00:00.000,-115.13233302182725,31.109666149159708,0.26,280.6,"1400","gps",,"269","269","Condor pair 269 & 284 GPS no feeding site",678109.2500003373,3443255.9999998393,"11N"
4902734726,true,2007-01-27 17:00:00.000,-115.14183344680991,31.111332552743722,0.33,110.2,"1190","gps",,"269","269","Condor pair 269 & 284 GPS no feeding site",677200.0000003276,3443425.4999998445,"11N"
4902734727,true,2007-01-27 18:00:00.000,-115.13033301976978,31.107499207222705,0.6,116.4,"1170","gps",,"269","269","Condor pair 269 & 284 GPS no feeding site",678304.06250034,3443018.999999839,"11N"
4902734728,true,2007-01-27 19:00:00.000,-115.11016697766121,31.098499945200462,0.15,345.7,"1130","gps",,"269","269","Condor pair 269 & 284 GPS no feeding site",680244.56250036,3442053.9999998277,"11N"
4902734729,true,2007-01-27 20:00:00.000,-115.11150026145962,31.10333433365311,0.0,138.3,"670","gps",,"269","269","Condor pair 269 & 284 GPS no feeding site",680108.2500003582,3442587.749999829,"11N"
4902734730,true,2007-01-28 05:00:00.000,-115.1113332109684,31.103167255980267,0.01,318.3,"674","gps",,"269","269","Condor pair 269 & 284 GPS no feeding site",680124.5000003579,3442569.499999829,"11N"
4902734731,true,2007-01-28 06:00:00.000,-115.11150026145962,31.10333433365311,0.0,90.0,"676","gps",,"269","269","Condor pair 269 & 284 GPS no feeding site",680108.2500003582,3442587.749999829,"11N"
4902734732,true,2007-01-28 07:00:00.000,-115.11150026145962,31.10333433365311,0.0,89.1,"690","gps",,"269","269","Condor pair 269 & 284 GPS no feeding site",680108.2500003582,3442587.749999829,"11N"
4902734733,true,2007-01-28 08:00:00.000,-115.1113331833062,31.10333413997034,0.0,269.1,"680","gps",,"269","269","Condor pair 269 & 284 GPS no feeding site",680124.1875003579,3442587.9999998277,"11N"
4902734734,true,2007-01-28 09:00:00.000,-115.11150026145962,31.10333433365311,0.17,99.7,"680","gps",,"269","269","Condor pair 269 & 284 GPS no feeding site",680108.2500003582,3442587.749999829,"11N"
4902734735,true,2007-01-28 10:00:00.000,-115.10533353825113,31.10233270674686,3.99,117.0,"680","gps",,"269","269","Condor pair 269 & 284 GPS no feeding site",680698.3750003641,3442486.7499998263,"11N"
4902734736,true,2007-01-28 11:00:00.000,-114.97249988338406,31.041499839033428,7.91,270.3,"890","gps",,"269","269","Condor pair 269 & 284 GPS no feeding site",693492.6250005276,3435966.9999997397,"11N"
4902734737,true,2007-01-28 12:00:00.000,-115.27083345715458,31.04733254299831,3.55,284.2,"720","gps",,"269","269","Condor pair 269 & 284 GPS no feeding site",665006.9375002219,3436131.9999998994,"11N"
4902734738,true,2007-01-28 13:00:00.000,-115.40016643436496,31.077333398753247,1.57,262.4,"1810","gps",,"269","269","Condor pair 269 & 284 GPS no feeding site",652615.7500001456,3439272.4999999357,"11N"
4902734739,true,2007-01-28 14:00:00.000,-115.4589998315727,31.07133346237267,0.09,125.2,"2180","gps",,"269","269","Condor pair 269 & 284 GPS no feeding site",647011.9375001201,3438527.9999999506,"11N"
4902734740,true,2007-01-28 15:00:00.000,-115.4563331634026,31.0696664030394,2.81,102.5,"2100","gps",,"269","269","Condor pair 269 & 284 GPS no feeding site",647268.9375001218,3438346.749999949,"11N"
4902734741,true,2007-01-28 16:00:00.000,-115.35333359843467,31.048666948695796,0.0,89.1,"1430","gps",,"269","269","Condor pair 269 & 284 GPS no feeding site",657131.0625001696,3436160.249999925,"11N"
4902734742,true,2007-01-28 17:00:00.000,-115.35316659980101,31.048667072089625,0.02,359.2,"1400","gps",,"269","269","Condor pair 269 & 284 GPS no feeding site",657147.0000001704,3436160.499999926,"11N"
4902734743,true,2007-01-28 18:00:00.000,-115.35316648986411,31.049167758369773,0.0,90.0,"1400","gps",,"269","269","Condor pair 269 & 284 GPS no feeding site",657146.1875001698,3436215.9999999255,"11N"
4902734744,true,2007-01-28 19:00:00.000,-115.3530001839537,31.049165635022444,0.0,270.0,"1400","gps",,"269","269","Condor pair 269 & 284 GPS no feeding site",657162.0625001701,3436215.9999999255,"11N"
4902734745,true,2007-01-28 20:00:00.000,-115.35316648986411,31.049167758369773,0.0,138.4,"1390","gps",,"269","269","Condor pair 269 & 284 GPS no feeding site",657146.1875001698,3436215.9999999255,"11N"
4902734746,true,2007-01-29 06:00:00.000,-115.35299974556565,31.04900098889068,0.01,359.1,"1391","gps",,"269","269","Condor pair 269 & 284 GPS no feeding site",657162.3750001697,3436197.7499999255,"11N"
4902734747,true,2007-01-29 08:00:00.000,-115.3529998177631,31.049833213843446,0.05,48.1,"1380","gps",,"269","269","Condor pair 269 & 284 GPS no feeding site",657161.0000001697,3436289.999999925,"11N"
4902734748,true,2007-01-29 09:00:00.000,-115.35166688916749,31.050833349676196,0.01,179.0,"1390","gps",,"269","269","Condor pair 269 & 284 GPS no feeding site",657286.5625001709,3436402.749999925,"11N"
4902734749,true,2007-01-29 10:00:00.000,-115.35166649208016,31.050666448809963,2.38,289.3,"1360","gps",,"269","269","Condor pair 269 & 284 GPS no feeding site",657286.8750001709,3436384.249999925,"11N"
4902734750,true,2007-01-29 11:00:00.000,-115.43583317876602,31.07716660772094,1.91,239.5,"2140","gps",,"269","269","Condor pair 269 & 284 GPS no feeding site",649213.1875001267,3439205.4999999455,"11N"
4902734751,true,2007-01-29 12:00:00.000,-115.49849982737312,31.046333522541445,2.05,263.6,"2930","gps",,"269","269","Condor pair 269 & 284 GPS no feeding site",643280.687500104,3435705.249999957,"11N"
4902734752,true,2007-01-29 15:00:00.000,-115.3798331218088,31.06883389784974,0.96,134.4,"1860","gps",,"269","269","Condor pair 269 & 284 GPS no feeding site",654569.4375001553,3438358.499999931,"11N"
4902734753,true,2007-01-29 16:00:00.000,-115.35433334670705,31.04666567887218,0.02,195.2,"1650","gps",,"269","269","Condor pair 269 & 284 GPS no feeding site",657038.9375001692,3435936.999999926,"11N"
4902734754,true,2007-01-29 17:00:00.000,-115.35449975070892,31.04616711363379,0.09,292.3,"1640","gps",,"269","269","Condor pair 269 & 284 GPS no feeding site",657023.8750001694,3435881.499999926,"11N"
4902734755,true,2007-01-29 18:00:00.000,-115.35766698866324,31.04733289728102,0.02,155.9,"1630","gps",,"269","269","Condor pair 269 & 284 GPS no feeding site",656719.6875001674,3436006.2499999264,"11N"
4902734756,true,2007-01-29 19:00:00.000,-115.35733333063078,31.046665575090948,0.01,39.8,"1520","gps",,"269","269","Condor pair 269 & 284 GPS no feeding site",656752.6250001679,3435932.7499999255,"11N"
4902734757,true,2007-01-29 20:00:00.000,-115.35716674225988,31.046832605075576,0.0,219.8,"1520","gps",,"269","269","Condor pair 269 & 284 GPS no feeding site",656768.2500001673,3435951.499999926,"11N"
4902734758,true,2007-01-30 05:00:00.000,-115.35733333063078,31.046665575090948,0.0,89.1,"1520","gps",,"269","269","Condor pair 269 & 284 GPS no feeding site",656752.6250001679,3435932.7499999255,"11N"
4902734759,true,2007-01-30 06:00:00.000,-115.35716698998402,31.046665712126668,0.03,79.7,"1510","gps",,"269","269","Condor pair 269 & 284 GPS no feeding site",656768.5000001696,3435932.9999999264,"11N"
4902734760,true,2007-01-30 08:00:00.000,-115.3548331740183,31.046999080384506,0.21,297.5,"1510","gps",,"269","269","Condor pair 269 & 284 GPS no feeding site",656990.6875001693,3435973.249999926,"11N"
4902734761,true,2007-01-30 09:00:00.000,-115.36166690013557,31.050166868520407,0.14,163.1,"1480","gps",,"269","269","Condor pair 269 & 284 GPS no feeding site",656333.3125001653,3436314.749999927,"11N"
4902734762,true,2007-01-30 10:00:00.000,-115.36016642880978,31.04566641339446,1.6,303.4,"1598","gps",,"269","269","Condor pair 269 & 284 GPS no feeding site",656483.875000167,3435817.999999928,"11N"
4902734763,true,2007-01-30 11:00:00.000,-115.40999970862332,31.074834303088082,0.76,95.7,"1650","gps",,"269","269","Condor pair 269 & 284 GPS no feeding site",651681.5625001405,3438981.99999994,"11N"
4902734764,true,2007-01-30 12:00:00.000,-115.38133322989887,31.071998961891822,1.03,129.2,"1610","gps",,"269","269","Condor pair 269 & 284 GPS no feeding site",654421.187500156,3438707.2499999315,"11N"
4902734765,true,2007-01-30 13:00:00.000,-115.3516667497366,31.050499556306782,0.06,253.0,"1350","gps",,"269","269","Condor pair 269 & 284 GPS no feeding site",657287.1250001716,3436365.7499999246,"11N"
4902734766,true,2007-01-30 14:00:00.000,-115.353666911608,31.049999604413202,0.03,8.9,"1350","gps",,"269","269","Condor pair 269 & 284 GPS no feeding site",657097.0625001703,3436307.499999926,"11N"
4902734767,true,2007-01-30 15:00:00.000,-115.35349994793276,31.050834207993063,1.16,14.7,"1298","gps",,"269","269","Condor pair 269 & 284 GPS no feeding site",657111.6250001711,3436400.2499999246,"11N"
4902734768,true,2007-01-30 16:00:00.000,-115.34183334708993,31.08700020149134,1.03,193.3,"1540","gps",,"269","269","Condor pair 269 & 284 GPS no feeding site",658165.1250001804,3440425.749999921,"11N"
4902734769,true,2007-01-30 17:00:00.000,-115.35133356624767,31.054667691496284,0.12,220.9,"1520","gps",,"269","269","Condor pair 269 & 284 GPS no feeding site",657312.0625001708,3436828.249999925,"11N"
4902734770,true,2007-01-30 20:00:00.000,-115.36033359311548,31.046000075417638,0.0,90.0,"1585","gps",,"269","269","Condor pair 269 & 284 GPS no feeding site",656467.3750001658,3435854.7499999264,"11N"
4902734771,true,2007-01-31 05:00:00.000,-115.36033359311548,31.046000075417638,0.08,310.9,"1585","gps",,"269","269","Condor pair 269 & 284 GPS no feeding site",656467.3750001658,3435854.7499999264,"11N"
4902734772,true,2007-01-31 06:00:00.000,-115.36250017279382,31.04766723954373,0.13,74.3,"1530","gps",,"269","269","Condor pair 269 & 284 GPS no feeding site",656257.875000169,3436036.499999928,"11N"
4902734773,true,2007-01-31 08:00:00.000,-115.3529998177631,31.049833213843446,0.0,90.0,"1390","gps",,"269","269","Condor pair 269 & 284 GPS no feeding site",657161.0000001697,3436289.999999925,"11N"
4902734774,true,2007-01-31 09:00:00.000,-115.3529998177631,31.049833213843446,0.04,185.3,"1390","gps",,"269","269","Condor pair 269 & 284 GPS no feeding site",657161.0000001697,3436289.999999925,"11N"
4902734775,true,2007-01-31 10:00:00.000,-115.35316685466628,31.04850017944096,2.01,269.3,"1401","gps",,"269","269","Condor pair 269 & 284 GPS no feeding site",657147.2500001717,3436141.9999999255,"11N"
4902734776,true,2007-01-31 11:00:00.000,-115.428833074827,31.048665898070524,0.46,178.6,"2670","gps",,"269","269","Condor pair 269 & 284 GPS no feeding site",649925.7500001334,3436055.7499999437,"11N"
4902734777,true,2007-01-31 12:00:00.000,-115.42866690105696,31.03366777400893,4.67,81.2,"2600","gps",,"269","269","Condor pair 269 & 284 GPS no feeding site",649965.1250001317,3434393.499999943,"11N"
4902734778,true,2007-01-31 13:00:00.000,-115.25416680012104,31.05466779320703,4.48,280.7,"1510","gps",,"269","269","Condor pair 269 & 284 GPS no feeding site",666584.8125002328,3436969.999999894,"11N"
4902734779,true,2007-01-31 14:00:00.000,-115.41966649329278,31.08383256261773,1.95,125.9,"2420","gps",,"269","269","Condor pair 269 & 284 GPS no feeding site",650745.0625001368,3439966.2499999413,"11N"
4902734780,true,2007-01-31 15:00:00.000,-115.36083326690739,31.04599965960935,0.04,338.9,"1610","gps",,"269","269","Condor pair 269 & 284 GPS no feeding site",656419.6875001689,3435853.9999999274,"11N"
4902734781,true,2007-01-31 16:00:00.000,-115.36133322192833,31.04716751933723,0.01,359.1,"1520","gps",,"269","269","Condor pair 269 & 284 GPS no feeding site",656370.0625001673,3435982.749999928,"11N"
4902734782,true,2007-01-31 17:00:00.000,-115.36133343430681,31.047499059187885,0.01,359.2,"1500","gps",,"269","269","Condor pair 269 & 284 GPS no feeding site",656369.500000164,3436019.499999928,"11N"
4902734783,true,2007-01-31 18:00:00.000,-115.3613331937852,31.04766595238028,0.01,179.2,"1500","gps",,"269","269","Condor pair 269 & 284 GPS no feeding site",656369.2500001662,3436037.999999928,"11N"
4902734784,true,2007-01-31 19:00:00.000,-115.36133343430681,31.047499059187885,0.0,90.0,"1500","gps",,"269","269","Condor pair 269 & 284 GPS no feeding site",656369.500000164,3436019.499999928,"11N"
4902734785,true,2007-01-31 20:00:00.000,-115.36133343430681,31.047499059187885,0.0,359.2,"1490","gps",,"269","269","Condor pair 269 & 284 GPS no feeding site",656369.500000164,3436019.499999928,"11N"
4902734786,true,2007-02-01 05:00:00.000,-115.3613331937852,31.04766595238028,0.01,179.2,"1480","gps",,"269","269","Condor pair 269 & 284 GPS no feeding site",656369.2500001662,3436037.999999928,"11N"
4902734787,true,2007-02-01 06:00:00.000,-115.36133343430681,31.047499059187885,0.0,269.1,"1490","gps",,"269","269","Condor pair 269 & 284 GPS no feeding site",656369.500000164,3436019.499999928,"11N"
4902734788,true,2007-02-01 07:00:00.000,-115.36149977665315,31.047498916828605,0.25,77.2,"1490","gps",,"269","269","Condor pair 269 & 284 GPS no feeding site",656353.6250001693,3436019.249999927,"11N"
4902734789,true,2007-02-01 08:00:00.000,-115.35233349556877,31.049166142176276,0.01,219.8,"1480","gps",,"269","269","Condor pair 269 & 284 GPS no feeding site",657225.6875001716,3436216.999999925,"11N"
4902734790,true,2007-02-01 09:00:00.000,-115.35250009634882,31.04899911893597,1.91,304.8,"1400","gps",,"269","269","Condor pair 269 & 284 GPS no feeding site",657210.0625001722,3436198.249999925,"11N"
4902734791,true,2007-02-01 10:00:00.000,-115.4111667898983,31.085167009296665,4.32,238.5,"1410","gps",,"269","269","Condor pair 269 & 284 GPS no feeding site",651553.812500143,3440125.7499999395,"11N"
4902734792,true,2007-02-01 11:00:00.000,-115.55116691722468,31.01366555334751,1.05,322.9,"2484","gps",,"269","269","Condor pair 269 & 284 GPS no feeding site",638301.625000085,3432017.499999965,"11N"
4902734793,true,2007-02-02 11:00:00.000,-115.57999989218649,31.06350019845275,0.36,279.2,"2320","gps",,"269","269","Condor pair 269 & 284 GPS no feeding site",635478.4375000781,3437505.7499999697,"11N"
4902734794,true,2007-02-02 12:00:00.000,-115.5933335872885,31.065500312918974,0.79,150.7,"1680","gps",,"269","269","Condor pair 269 & 284 GPS no feeding site",634203.3750000745,3437711.24999997,"11N"
4902734795,true,2007-02-02 18:00:00.000,-115.57616691127474,31.048666641174222,0.04,153.1,"2330","gps",,"269","269","Condor pair 269 & 284 GPS no feeding site",635865.2500000771,3435866.2499999693,"11N"
4902734796,true,2007-02-02 19:00:00.000,-115.5754998989431,31.047499970532744,0.01,138.5,"2240","gps",,"269","269","Condor pair 269 & 284 GPS no feeding site",635930.562500079,3435737.7499999693,"11N"
4902734797,true,2007-02-02 20:00:00.000,-115.57533341186894,31.04733348337363,0.0,318.5,"2271","gps",,"269","269","Condor pair 269 & 284 GPS no feeding site",635946.6875000786,3435719.499999969,"11N"
4902734798,true,2007-02-03 05:00:00.000,-115.5754998989431,31.047499970532744,0.0,90.0,"2244","gps",,"269","269","Condor pair 269 & 284 GPS no feeding site",635930.562500079,3435737.7499999693,"11N"
4902734799,true,2007-02-03 06:00:00.000,-115.5754998989431,31.047499970532744,0.0,90.0,"2244","gps",,"269","269","Condor pair 269 & 284 GPS no feeding site",635930.562500079,3435737.7499999693,"11N"
4902734800,true,2007-02-03 07:00:00.000,-115.5754998989431,31.047499970532744,0.01,179.2,"2244","gps",,"269","269","Condor pair 269 & 284 GPS no feeding site",635930.562500079,3435737.7499999693,"11N"
4902734801,true,2007-02-03 08:00:00.000,-115.57549976555073,31.047333064945576,0.01,359.2,"2261","gps",,"269","269","Condor pair 269 & 284 GPS no feeding site",635930.8125000797,3435719.2499999683,"11N"
4902734802,true,2007-02-03 09:00:00.000,-115.5754998989431,31.047499970532744,0.01,138.5,"2240","gps",,"269","269","Condor pair 269 & 284 GPS no feeding site",635930.562500079,3435737.7499999693,"11N"
4902734803,true,2007-02-03 10:00:00.000,-115.57533341186894,31.04733348337363,0.09,19.9,"2271","gps",,"269","269","Condor pair 269 & 284 GPS no feeding site",635946.6875000786,3435719.499999969,"11N"
4902734804,true,2007-02-03 11:00:00.000,-115.57416654914418,31.050000078208452,0.12,130.8,"2274","gps",,"269","269","Condor pair 269 & 284 GPS no feeding site",636054.2500000783,3436016.499999968,"11N"
4902734805,true,2007-02-03 12:00:00.000,-115.57066651308978,31.04733373522808,0.1,199.2,"2440","gps",,"269","269","Condor pair 269 & 284 GPS no feeding site",636392.0625000813,3435725.2499999674,"11N"
4902734806,true,2007-02-03 19:00:00.000,-115.57533341186894,31.04733348337363,0.01,179.2,"2271","gps",,"269","269","Condor pair 269 & 284 GPS no feeding site",635946.6875000786,3435719.499999969,"11N"
4902734807,true,2007-02-03 20:00:00.000,-115.57533327875548,31.047166577791007,0.0,89.1,"2289","gps",,"269","269","Condor pair 269 & 284 GPS no feeding site",635946.9375000787,3435700.9999999674,"11N"
4902734808,true,2007-02-04 07:00:00.000,-115.57533341186894,31.04733348337363,0.01,179.2,"2271","gps",,"269","269","Condor pair 269 & 284 GPS no feeding site",635946.6875000786,3435719.499999969,"11N"
4902734809,true,2007-02-04 08:00:00.000,-115.57533327875548,31.047166577791007,0.2,171.5,"2289","gps",,"269","269","Condor pair 269 & 284 GPS no feeding site",635946.9375000787,3435700.9999999674,"11N"
4902734810,true,2007-02-04 14:00:00.000,-115.57116656743334,31.05116678764724,4.48,76.1,"2560","gps",,"269","269","Condor pair 269 & 284 GPS no feeding site",636338.8750000801,3436149.4999999683,"11N"
4902734811,true,2007-02-04 15:00:00.000,-115.40666690146683,31.08416646958368,0.73,343.0,"2480","gps",,"269","269","Condor pair 269 & 284 GPS no feeding site",651984.6875001432,3440020.9999999395,"11N"
4902734812,true,2007-02-04 16:00:00.000,-115.41433353167392,31.10683271297364,0.06,347.1,"1420","gps",,"269","269","Condor pair 269 & 284 GPS no feeding site",651217.3750001409,3442522.999999939,"11N"
4902734813,true,2007-02-04 17:00:00.000,-115.41483305668231,31.10883260000019,0.06,239.0,"1400","gps",,"269","269","Condor pair 269 & 284 GPS no feeding site",651166.562500142,3442743.99999994,"11N"
4902734814,true,2007-02-04 18:00:00.000,-115.41683326791959,31.1078332562191,0.0,89.1,"1260","gps",,"269","269","Condor pair 269 & 284 GPS no feeding site",650977.3750001383,3442630.4999999413,"11N"
4902734815,true,2007-02-04 19:00:00.000,-115.41666681719003,31.107833466387508,0.01,359.2,"1280","gps",,"269","269","Condor pair 269 & 284 GPS no feeding site",650993.250000138,3442630.7499999395,"11N"
4902734816,true,2007-02-04 20:00:00.000,-115.41666666834661,31.10800036149901,0.0,179.2,"1280","gps",,"269","269","Condor pair 269 & 284 GPS no feeding site",650993.0000001385,3442649.24999994,"11N"
4902734817,true,2007-02-05 05:00:00.000,-115.41666681719003,31.107833466387508,0.0,90.0,"1270","gps",,"269","269","Condor pair 269 & 284 GPS no feeding site",650993.250000138,3442630.7499999395,"11N"
4902734818,true,2007-02-05 06:00:00.000,-115.41666681719003,31.107833466387508,0.02,51.5,"1270","gps",,"269","269","Condor pair 269 & 284 GPS no feeding site",650993.250000138,3442630.7499999395,"11N"
4902734819,true,2007-02-05 07:00:00.000,-115.41616654787309,31.10816562280377,0.0,89.1,"1270","gps",,"269","269","Condor pair 269 & 284 GPS no feeding site",651040.4375001397,3442668.2499999395,"11N"
4902734820,true,2007-02-05 08:00:00.000,-115.41600009660137,31.10816583209094,0.04,193.0,"1260","gps",,"269","269","Condor pair 269 & 284 GPS no feeding site",651056.3125001391,3442668.49999994,"11N"
4902734821,true,2007-02-05 09:00:00.000,-115.4163333523507,31.106999394455364,0.89,140.4,"1270","gps",,"269","269","Condor pair 269 & 284 GPS no feeding site",651026.3750001377,3442538.7499999404,"11N"
4902734822,true,2007-02-05 10:00:00.000,-115.39533329381487,31.084499513305605,1.58,126.7,"1270","gps",,"269","269","Condor pair 269 & 284 GPS no feeding site",653065.375000148,3440073.4999999357,"11N"
4902734823,true,2007-02-05 11:00:00.000,-115.34799973497229,31.05316582483757,0.25,310.0,"1280","gps",,"269","269","Condor pair 269 & 284 GPS no feeding site",657632.6875001725,3436666.4999999227,"11N"
4902734824,true,2007-02-05 12:00:00.000,-115.35516639831997,31.058501102858493,1.26,100.1,"1600","gps",,"269","269","Condor pair 269 & 284 GPS no feeding site",656940.0000001689,3437247.749999926,"11N"
4902734825,true,2007-02-05 13:00:00.000,-115.30833316897868,31.050666985327236,6.38,97.2,"1280","gps",,"269","269","Condor pair 269 & 284 GPS no feeding site",661422.375000197,3436446.499999912,"11N"
4902734826,true,2007-02-05 14:00:00.000,-115.07016671584216,31.02149926741623,3.23,84.5,"1120","gps",,"269","269","Condor pair 269 & 284 GPS no feeding site",684208.6875004012,3433583.749999807,"11N"
4902734827,true,2007-02-05 15:00:00.000,-114.94883353713571,31.029667450269805,0.22,122.0,"900","gps",,"269","269","Condor pair 269 & 284 GPS no feeding site",695775.875000561,3434696.7499997197,"11N"
4902734828,true,2007-02-05 16:00:00.000,-114.94199989577778,31.025833183911196,0.01,202.3,"580","gps",,"269","269","Condor pair 269 & 284 GPS no feeding site",696436.1250005716,3434283.749999716,"11N"
4902734829,true,2007-02-05 17:00:00.000,-114.94216680165603,31.025499834536365,0.13,113.0,"560","gps",,"269","269","Condor pair 269 & 284 GPS no feeding site",696420.8750005679,3434246.499999715,"11N"
4902734830,true,2007-02-05 18:00:00.000,-114.93783351600717,31.023834034211497,0.23,178.9,"510","gps",,"269","269","Condor pair 269 & 284 GPS no feeding site",696838.0000005782,3434069.499999712,"11N"
4902734831,true,2007-02-05 19:00:00.000,-114.93783310797681,31.016500412318088,0.03,339.9,"500","gps",,"269","269","Condor pair 269 & 284 GPS no feeding site",696853.1250005765,3433256.4999997118,"11N"
4902734832,true,2007-02-05 20:00:00.000,-114.93816668414695,31.017333367939067,0.0,358.8,"420","gps",,"269","269","Condor pair 269 & 284 GPS no feeding site",696819.5625005782,3433348.2499997127,"11N"
4902734833,true,2007-02-06 05:00:00.000,-114.93816701706159,31.017500251423286,0.0,90.0,"2087","gps",,"269","269","Condor pair 269 & 284 GPS no feeding site",696819.1875005765,3433366.7499997127,"11N"
4902734834,true,2007-02-06 06:00:00.000,-114.93816701706159,31.017500251423286,0.01,89.1,"430","gps",,"269","269","Condor pair 269 & 284 GPS no feeding site",696819.1875005765,3433366.7499997127,"11N"
4902734835,true,2007-02-06 07:00:00.000,-114.9378331876691,31.017499427428923,0.01,269.1,"430","gps",,"269","269","Condor pair 269 & 284 GPS no feeding site",696851.0625005788,3433367.249999712,"11N"
4902734836,true,2007-02-06 08:00:00.000,-114.93816701706159,31.017500251423286,0.02,329.1,"420","gps",,"269","269","Condor pair 269 & 284 GPS no feeding site",696819.1875005765,3433366.7499997127,"11N"
4902734837,true,2007-02-06 09:00:00.000,-114.93849993231487,31.01799943936122,0.25,312.0,"440","gps",,"269","269","Condor pair 269 & 284 GPS no feeding site",696786.3750005763,3433421.4999997136,"11N"
4902734838,true,2007-02-06 10:00:00.000,-114.94533310656652,31.023500397073402,0.0,90.0,"600","gps",,"269","269","Condor pair 269 & 284 GPS no feeding site",696122.687500566,3434019.2499997183,"11N"
4902734839,true,2007-02-06 11:00:00.000,-114.94533310656652,31.023500397073402,3.28,277.4,"610","gps",,"269","269","Condor pair 269 & 284 GPS no feeding site",696122.687500566,3434019.2499997183,"11N"
4902734840,true,2007-02-06 12:00:00.000,-115.06749971227622,31.039000224021237,6.62,276.4,"940","gps",,"269","269","Condor pair 269 & 284 GPS no feeding site",684429.5625004056,3435528.2499998054,"11N"
4902734841,true,2007-02-06 13:00:00.000,-115.31516689617861,31.066500863074484,2.1,277.3,"1160","gps",,"269","269","Condor pair 269 & 284 GPS no feeding site",660743.5625001943,3438191.7499999134,"11N"
4902734842,true,2007-02-06 14:00:00.000,-115.39366656695114,31.076167749224243,1.33,125.9,"1660","gps",,"269","269","Condor pair 269 & 284 GPS no feeding site",653237.750000149,3439152.249999935,"11N"
4902734843,true,2007-02-06 15:00:00.000,-115.35350005654132,31.05033352177503,0.0,90.0,"1330","gps",,"269","269","Condor pair 269 & 284 GPS no feeding site",657112.4375001705,3436344.7499999255,"11N"
4902734844,true,2007-02-06 16:00:00.000,-115.35350005654132,31.05033352177503,0.06,253.6,"1330","gps",,"269","269","Condor pair 269 & 284 GPS no feeding site",657112.4375001705,3436344.7499999255,"11N"
4902734845,true,2007-02-06 18:00:00.000,-115.35766668252207,31.049333391060703,0.02,219.8,"1330","gps",,"269","269","Condor pair 269 & 284 GPS no feeding site",656716.437500167,3436227.999999927,"11N"
4902734846,true,2007-02-06 19:00:00.000,-115.35816645704759,31.04883229900471,0.02,22.4,"1341","gps",,"269","269","Condor pair 269 & 284 GPS no feeding site",656669.562500168,3436171.7499999274,"11N"
